Doner_Collection_#,Doner_Cat_#,Reciever_Collection_#,Reciever_Cat_#
312,TENN-V-0241241,311,UCHT008768
312,TENN-V-0241246,311,UCHT008769
312,TENN-V-0241399,311,UCHT008770
312,TENN-V-0241401,311,UCHT008771
312,TENN-V-0241402,311,UCHT008772
312,TENN-V-0241403,311,UCHT008773
312,TENN-V-0241404,311,UCHT008774
312,TENN-V-0241405,311,UCHT008775
312,TENN-V-0241407,311,UCHT008776
312,TENN-V-0241408,311,UCHT008777
312,TENN-V-0241410,311,UCHT008779
312,TENN-V-0241412,311,UCHT008780
312,TENN-V-0241413,311,UCHT008781
312,TENN-V-0241415,311,UCHT008782
312,TENN-V-0241417,311,UCHT008783
312,TENN-V-0241418,311,UCHT008784
312,TENN-V-0241420,311,UCHT008785
312,TENN-V-0241421,311,UCHT008786
312,TENN-V-0241506,311,UCHT008837
